cluster_id,confidence,frame_id,high_mz,high_scan,low_mz,low_scan
1,1.0,30000,958.649770076,34,958.546797227,4
1,1.0,30000,959.640553286,33,959.58658657,4
1,1.0,30000,1190.75801507,15,1190.66511041,4
1,1.0,30000,993.616687539,13,993.556781683,5
1,1.0,30000,1090.62814916,16,1090.56015679,5
1,1.0,30000,1129.68612511,13,1129.59563433,5
1,1.0,30000,1130.67643754,14,1130.58058189,5
1,1.0,30000,1131.65652835,9,1131.5819413,5
1,1.0,30000,1151.64309288,13,1151.5409782,5
1,1.0,30000,1191.73646647,12,1191.67632658,5
1,1.0,30000,1303.71143703,8,1303.64853517,5
1,1.0,30000,960.646574288,21,960.587670731,5
1,1.0,30000,994.590410812,10,994.545459241,6
1,1.0,30000,1132.64237381,8,1132.59973378,6
1,1.0,30000,1149.70368813,6,1149.6553582,5
1,1.0,30000,1150.70273411,10,1150.61677762,6
1,1.0,30000,1159.64355965,8,1159.58962815,5
1,1.0,30000,1168.60274354,8,1168.57567366,5
1,1.0,30000,1169.62079826,10,1169.5937166,6
1,1.0,30000,1170.61762146,7,1170.59052826,6
1,1.0,30000,1281.71475352,8,1281.66939413,6
1,1.0,30000,1302.75091935,9,1302.67089219,6
1,1.0,30000,1487.75374399,9,1487.69265731,6
1,1.0,30000,1488.71908004,11,1488.70074796,6
1,1.0,30000,1192.72078929,8,1192.6934415,5
1,1.0,30000,1118.59354628,9,1118.54587473,7
1,1.0,30000,1152.6053429,11,1152.56770546,6
1,1.0,30000,1016.58233818,11,1016.53184287,8
1,1.0,30000,1012.52147876,12,1012.49628143,9
1,1.0,30000,1015.63323619,13,1015.57267026,11
1,1.0,30000,1137.61008965,14,1137.57803949,10
1,1.0,30000,1091.59596251,15,1091.59072993,11
1,1.0,30000,1116.54458695,16,1116.50225102,11
1,1.0,30000,1013.55988145,18,1013.45904233,13
1,1.0,30000,1130.63383453,20,1130.61253332,16
1,1.0,30000,1487.74152656,31,1487.68654871,17
1,1.0,30000,1012.52651827,19,1012.50132087,16
1,1.0,30000,945.592118741,91,945.494719441,18
1,1.0,30000,1130.61785861,24,1130.59655755,22
1,1.0,30000,944.598881256,92,944.491798587,23
1,1.0,30000,1190.71429478,27,1190.68150508,23
1,1.0,30000,1488.74963376,29,1488.70074796,23
1,1.0,30000,946.551769911,30,946.51766229,26
1,1.0,30000,950.517306739,32,950.49289311,28
1,1.0,30000,946.561515058,39,946.51766229,33
1,1.0,30000,1489.74585674,37,1489.7152928,34
1,1.0,30000,958.600734697,41,958.586024327,35
1,1.0,30000,946.585878145,72,946.51766229,43
1,1.0,30000,981.48290272,50,981.463056203,45
1,1.0,30000,921.552275306,52,921.533044265,48
1,1.0,30000,981.512672871,57,981.463056203,54
1,1.0,30000,976.522569978,60,976.482977575,56
1,1.0,30000,906.508118442,103,906.455667013,72
1,1.0,30000,946.56638765,81,946.537152284,73
1,1.0,30000,854.578542357,86,854.541504461,72
1,1.0,30000,907.490670963,76,907.48112906,72
1,1.0,30000,855.588133951,80,855.551074184,78
1,1.0,30000,907.509754921,94,907.452503651,77
1,1.0,30000,869.481422141,83,869.444062687,81
1,1.0,30000,855.574236444,87,855.518647545,83
1,1.0,30000,854.55076386,92,854.546134154,88
1,1.0,30000,869.481422141,107,869.444062687,92
1,1.0,30000,873.520967482,96,873.492882803,92
1,1.0,30000,874.527633111,103,874.499532254,96
1,1.0,30000,873.516286671,105,873.483521343,98
1,1.0,30000,870.45772226,102,870.443704507,99
1,1.0,30000,798.558467655,124,798.509238278,102
1,1.0,30000,799.565765139,121,799.507548447,105
1,1.0,30000,856.482444098,120,856.4314605,106
1,1.0,30000,1222.06844924,154,1221.96879478,104
1,1.0,30000,861.5233862,116,861.481549655,105
1,1.0,30000,906.484276695,111,906.460435262,107
1,1.0,30000,873.535009991,120,873.455437266,108
1,1.0,30000,1223.02644649,119,1222.98767631,114
1,1.0,30000,874.546367267,120,874.471431847,114
1,1.0,30000,835.436300345,119,835.42256748,115
1,1.0,30000,857.474608763,121,857.442145693,116
1,1.0,30000,836.457426011,122,836.429943614,118
1,1.0,30000,842.546708336,122,842.491544285,119
1,1.0,30000,776.554139689,158,776.483527294,122
1,1.0,30000,838.469446431,134,838.437345139,120
1,1.0,30000,1223.05413985,130,1222.98767631,120
1,1.0,30000,819.550313573,157,819.455104247,122
1,1.0,30000,825.482294294,124,825.459543011,123
1,1.0,30000,841.462146829,128,841.402424332,123
1,1.0,30000,777.538634151,148,777.467977009,125
1,1.0,30000,798.540565888,134,798.518188961,127
1,1.0,30000,825.491394895,137,825.445892391,127
1,1.0,30000,856.477809163,129,856.440730132,126
1,1.0,30000,820.552613751,157,820.461882645,127
1,1.0,30000,839.478657353,132,839.446536747,126
1,1.0,30000,821.537368749,139,821.501053932,129
1,1.0,30000,812.533305178,153,812.411419394,129
1,1.0,30000,813.472583653,135,813.449998479,130
1,1.0,30000,826.520085933,134,826.460896076,132
1,1.0,30000,822.418248775,135,822.404623326,132
1,1.0,30000,821.437504935,140,821.387575305,132
1,1.0,30000,842.546708336,138,842.528320118,133
1,1.0,30000,835.440877992,136,835.376792078,134
1,1.0,30000,1223.01536923,140,1222.99321487,134
1,1.0,30000,720.435529878,164,720.397272146,134
1,1.0,30000,838.483204316,139,838.446516874,136
1,1.0,30000,839.478657353,140,839.446536747,136
1,1.0,30000,881.41654489,164,881.322508908,138
1,1.0,30000,800.51544415,159,800.43478913,138
1,1.0,30000,721.430587466,144,721.40506459,138
1,1.0,30000,801.510523504,148,801.470170428,142
1,1.0,30000,882.408930132,149,882.366589503,140
1,1.0,30000,821.437504935,148,821.355802694,143
1,1.0,30000,825.486844588,150,825.454992792,142
1,1.0,30000,852.436295157,152,852.39467984,144
1,1.0,30000,816.515409354,159,816.470154916,144
1,1.0,30000,1223.02644649,149,1222.98213776,143
1,1.0,30000,721.434841322,156,721.40506459,147
1,1.0,30000,838.469446431,153,838.446516874,150
1,1.0,30000,882.4230439,156,882.366589503,151
1,1.0,30000,883.420702691,154,883.373630648,151
1,1.0,30000,802.420979407,156,802.407520631,152
1,1.0,30000,812.479132589,159,812.443018534,155
1,1.0,30000,832.440636068,161,832.417789095,154
1,1.0,30000,760.454613974,166,760.432777199,158
1,1.0,30000,816.488256541,163,816.474680303,161
1,1.0,30000,760.458981366,174,760.441511871,169
1,1.0,30000,791.471694835,174,791.413773565,172
1,1.0,30000,741.527699575,199,741.450073119,175
1,1.0,30000,742.511319727,183,742.485426634,179
1,1.0,30000,791.436050726,181,791.395952063,177
1,1.0,30000,830.431302631,185,830.4130471,180
1,1.0,30000,715.508669264,203,715.457833906,180
1,1.0,30000,717.492656881,201,717.412056881,183
1,1.0,30000,772.428714345,187,772.397903198,185
1,1.0,30000,716.500319718,199,716.466405801,184
1,1.0,30000,702.440426603,218,702.364873819,188
1,1.0,30000,703.410381347,197,703.389379569,190
1,1.0,30000,756.428858633,223,756.350456074,191
1,1.0,30000,698.550556264,197,698.517069854,193
1,1.0,30000,749.406244137,201,749.388902062,197
1,1.0,30000,830.449558363,200,830.4130471,195
1,1.0,30000,703.401980598,211,703.380978946,200
1,1.0,30000,755.427353906,228,755.375119695,200
1,1.0,30000,720.435529878,204,720.418526316,200
1,1.0,30000,780.495859523,227,780.420643784,205
1,1.0,30000,781.460712007,210,781.438575684,203
1,1.0,30000,773.432613417,230,773.388569086,204
1,1.0,30000,749.436593252,211,749.393237562,206
1,1.0,30000,757.409233475,211,757.383081906,206
1,1.0,30000,775.415906332,226,775.385035664,207
1,1.0,30000,774.450386555,229,774.349019837,210
1,1.0,30000,663.440188657,227,663.411633857,210
1,1.0,30000,718.481435601,216,718.438984762,212
1,1.0,30000,757.404874849,219,757.391799046,215
1,1.0,30000,713.438591047,238,713.387829281,219
1,1.0,30000,718.47719046,224,718.413514861,219
1,1.0,30000,664.431829068,224,664.415499774,221
1,1.0,30000,760.349800316,226,760.323598031,221
1,1.0,30000,714.424573304,235,714.390708549,225
1,1.0,30000,702.43622912,235,702.385860296,226
1,1.0,30000,736.391580574,229,736.365794408,226
1,1.0,30000,701.450168267,246,701.366280175,228
1,1.0,30000,760.362901629,231,760.327965047,229
1,1.0,30000,1070.0871693,232,1070.07162703,229
1,1.0,30000,658.472774671,235,658.444326974,229
1,1.0,30000,715.419708572,233,715.390056237,230
1,1.0,30000,981.031444108,251,981.001681256,234
1,1.0,30000,703.452385842,237,703.359977608,235
1,1.0,30000,718.422004778,249,718.362576413,234
1,1.0,30000,732.400113237,237,732.370111064,233
1,1.0,30000,1069.62095029,239,1069.57433398,236
1,1.0,30000,1070.11307333,264,1070.05090418,236
1,1.0,30000,656.466688612,242,656.434226571,238
1,1.0,30000,702.423636745,242,702.411044482,238
1,1.0,30000,687.414883133,242,687.373360222,240
1,1.0,30000,1070.58976352,246,1070.56385372,239
1,1.0,30000,719.398679817,244,719.385936307,240
1,1.0,30000,981.537481675,251,981.497787739,241
1,1.0,30000,686.418679413,255,686.360589828,241
1,1.0,30000,672.416252699,245,672.383398668,243
1,1.0,30000,1069.60023181,247,1069.56397494,241
1,1.0,30000,980.520577792,246,980.500741008,242
1,1.0,30000,670.471036488,251,670.44233078,243
1,1.0,30000,729.420047032,249,729.398660489,243
1,1.0,30000,703.427182994,280,703.351577161,246
1,1.0,30000,704.423038769,274,704.355785827,245
1,1.0,30000,714.394941599,252,714.369543484,247
1,1.0,30000,980.555292648,252,980.495781843,248
1,1.0,30000,1069.62095029,277,1069.55361594,249
1,1.0,30000,705.297619184,255,705.280795213,251
1,1.0,30000,705.440631039,267,705.364917074,254
1,1.0,30000,714.399174662,258,714.382242485,255
1,1.0,30000,1070.59494552,266,1070.54830799,256
1,1.0,30000,683.44682351,272,683.401280399,258
1,1.0,30000,684.428439102,269,684.403579383,260
1,1.0,30000,684.349718208,278,684.312430944,263
1,1.0,30000,685.414905426,265,685.390027799,261
1,1.0,30000,649.433164394,282,649.356482495,263
1,1.0,30000,1070.10271168,287,1070.06126558,267
1,1.0,30000,650.426401974,281,650.398128626,269
1,1.0,30000,685.336127821,273,685.323689665,269
1,1.0,30000,1070.61049159,275,1070.56903566,269
1,1.0,30000,686.393783575,290,686.352291516,273
1,1.0,30000,922.071589266,310,921.994644634,273
1,1.0,30000,687.40657845,291,687.356751409,274
1,1.0,30000,628.440774788,291,628.405043116,273
1,1.0,30000,923.052914749,302,922.995175273,274
1,1.0,30000,629.433727262,284,629.401940643,278
1,1.0,30000,645.383309275,291,645.35514575,279
1,1.0,30000,647.376431016,284,647.348224035,280
1,1.0,30000,648.412455603,290,648.33583399,281
1,1.0,30000,1069.58987264,289,1069.56397494,283
1,1.0,30000,647.368371816,294,647.336135517,286
1,1.0,30000,924.029947899,291,923.981806084,289
1,1.0,30000,607.352138064,299,607.313108104,289
1,1.0,30000,683.326758581,294,683.293639077,291
1,1.0,30000,613.401254429,298,613.365952909,292
1,1.0,30000,634.386312956,307,634.330468481,297
1,1.0,30000,586.416284229,307,586.381767955,297
1,1.0,30000,635.371973301,302,635.352013075,300
1,1.0,30000,943.995403705,311,943.946744564,303
1,1.0,30000,557.417817104,310,557.395382312,305
1,1.0,30000,571.406732302,317,571.338589968,309
1,1.0,30000,604.358287501,318,604.334927165,310
1,1.0,30000,943.479680613,317,943.416441256,312
1,1.0,30000,610.333822462,316,610.286871832,313
1,1.0,30000,970.020413622,322,969.966155823,316
1,1.0,30000,607.33652593,321,607.309205177,316
1,1.0,30000,574.39003923,336,574.325514685,317
1,1.0,30000,573.396004641,339,573.354289195,320
1,1.0,30000,944.472329663,322,944.452860939,318
1,1.0,30000,925.513329945,331,925.441059754,327
1,1.0,30000,935.969077873,333,935.940006622,327
1,1.0,30000,924.511435017,343,924.463280662,331
1,1.0,30000,925.995203335,337,925.942191123,333
1,1.0,30000,575.362141203,369,575.282367517,336
1,1.0,30000,968.994704918,337,968.960195313,335
1,1.0,30000,548.376079449,343,548.301907565,335
1,1.0,30000,569.31510357,345,569.296209413,336
1,1.0,30000,892.50069702,339,892.472308867,336
1,1.0,30000,576.361680011,364,576.31605479,337
1,1.0,30000,995.989411559,344,995.959422662,339
1,1.0,30000,996.504291347,344,996.459296546,339
1,1.0,30000,589.342346155,352,589.303899237,338
1,1.0,30000,881.980866125,343,881.89150323,338
1,1.0,30000,935.973923126,343,935.944851799,340
1,1.0,30000,965.458206523,380,965.38439319,339
1,1.0,30000,579.33881703,347,579.28545048,340
1,1.0,30000,925.508511845,346,925.416970317,341
1,1.0,30000,965.999590518,381,965.876535376,340
1,1.0,30000,848.925691898,365,848.888776706,342
1,1.0,30000,925.002681078,345,924.983414069,343
1,1.0,30000,964.951411808,382,964.86777887,342
1,1.0,30000,849.433357177,364,849.359505524,344
1,1.0,30000,882.004383429,351,881.924425875,345
1,1.0,30000,966.427883514,373,966.354033121,345
1,1.0,30000,995.969418911,348,995.959422662,346
1,1.0,30000,577.365891766,356,577.327837514,345
1,1.0,30000,882.446567098,350,882.427748515,345
1,1.0,30000,832.929636441,350,832.92049493,346
1,1.0,30000,935.973923126,350,935.935161457,347
1,1.0,30000,849.936557004,361,849.88576861,351
1,1.0,30000,910.460636697,354,910.403292422,350
1,1.0,30000,850.426050202,360,850.393720834,352
1,1.0,30000,919.462075233,359,919.423656995,354
1,1.0,30000,918.95309872,368,918.919492023,354
1,1.0,30000,935.983613668,359,935.940006622,357
1,1.0,30000,811.414105359,386,811.350947725,359
1,1.0,30000,811.923967683,381,811.869815411,358
1,1.0,30000,500.378942246,375,500.347058466,359
1,1.0,30000,558.356743764,363,558.334290085,360
1,1.0,30000,501.378481925,364,501.353658586,362
1,1.0,30000,893.972767826,363,893.920680319,360
1,1.0,30000,800.950155044,389,800.882923997,362
1,1.0,30000,812.420447657,371,812.37079283,362
1,1.0,30000,849.913471182,365,849.88576861,363
1,1.0,30000,932.97227317,366,932.92873633,362
1,1.0,30000,896.474752694,367,896.417850574,363
1,1.0,30000,919.471679918,373,919.423656995,362
1,1.0,30000,933.959380681,367,933.944860613,364
1,1.0,30000,586.297399116,368,586.282059979,364
1,1.0,30000,536.326620685,395,536.267938333,368
1,1.0,30000,801.43430188,375,801.393950724,367
1,1.0,30000,801.932049673,380,801.905140437,368
1,1.0,30000,501.385574421,373,501.353658586,370
1,1.0,30000,812.894501919,372,812.880955592,368
1,1.0,30000,933.465761686,378,933.427051989,369
1,1.0,30000,586.320408197,387,586.270555758,371
1,1.0,30000,932.962598229,376,932.923898966,370
1,1.0,30000,537.317369599,391,537.265974959,374
1,1.0,30000,763.908762581,398,763.873744632,374
1,1.0,30000,764.45164343,397,764.359690368,374
1,1.0,30000,896.484236556,382,896.441559571,374
1,1.0,30000,575.343146967,379,575.312756841,375
1,1.0,30000,812.384334905,379,812.375306843,375
1,1.0,30000,801.452236054,381,801.407400996,378
1,1.0,30000,764.911491701,393,764.858930615,380
1,1.0,30000,896.996439615,410,896.915805359,378
1,1.0,30000,897.470832136,383,897.42338724,379
1,1.0,30000,765.402148925,389,765.371478239,380
1,1.0,30000,587.294873424,386,587.275683231,382
1,1.0,30000,896.470010782,411,896.413108812,383
1,1.0,30000,965.920834324,386,965.910990025,383
1,1.0,30000,894.436887136,386,894.422677615,384
1,1.0,30000,897.470832136,396,897.409154016,385
1,1.0,30000,713.755893003,406,713.688196,384
1,1.0,30000,882.465385883,393,882.4230439,387
1,1.0,30000,713.413209938,412,713.370909093,386
1,1.0,30000,801.429818368,390,801.40291756,386
1,1.0,30000,833.418780398,401,833.373059927,387
1,1.0,30000,877.921784093,391,877.865473871,386
1,1.0,30000,714.081729736,414,714.043641085,388
1,1.0,30000,833.958376669,398,833.880627456,389
1,1.0,30000,851.091247836,395,851.063526076,389
1,1.0,30000,858.462707465,400,858.393104426,388
1,1.0,30000,878.414575574,391,878.395800032,387
1,1.0,30000,922.398639769,394,922.384209848,387
1,1.0,30000,965.44344363,391,965.413918184,389
1,1.0,30000,517.308617417,419,517.254586854,390
1,1.0,30000,922.903758129,392,922.879701739,389
1,1.0,30000,851.410080529,395,851.391595844,390
1,1.0,30000,800.950155044,393,800.909816077,390
1,1.0,30000,788.898473859,394,788.849543153,392
1,1.0,30000,817.918918966,394,817.87362565,391
1,1.0,30000,516.296913579,400,516.282519249,392
1,1.0,30000,801.443268942,399,801.398434135,394
1,1.0,30000,832.947919613,402,832.874788129,394
1,1.0,30000,894.948505069,398,894.905864654,393
1,1.0,30000,518.314100237,416,518.260017189,396
1,1.0,30000,789.40566326,398,789.378965018,394
1,1.0,30000,922.903758129,399,922.884512992,395
1,1.0,30000,857.938434009,399,857.924517427,396
1,1.0,30000,714.403407738,402,714.382242485,397
1,1.0,30000,847.929263448,400,847.887758294,397
1,1.0,30000,851.095868173,400,851.063526076,398
1,1.0,30000,859.456018127,402,859.41423181,399
1,1.0,30000,817.456985991,416,817.366426199,399
1,1.0,30000,817.950625033,415,817.896272151,398
1,1.0,30000,835.431722711,401,835.376792078,398
1,1.0,30000,897.447109531,405,897.418642819,399
1,1.0,30000,965.413918184,402,965.394234805,398
1,1.0,30000,818.444413078,406,818.412697442,399
1,1.0,30000,789.89521105,411,789.85515144,401
1,1.0,30000,835.935337662,415,835.907863843,404
1,1.0,30000,801.353600583,419,801.322217842,405
1,1.0,30000,801.860292712,419,801.819930833,404
1,1.0,30000,863.211640258,407,863.179068768,403
1,1.0,30000,928.160360573,407,928.131410847,404
1,1.0,30000,790.371553134,410,790.34929096,404
1,1.0,30000,804.917288113,417,804.858876918,406
1,1.0,30000,808.952779067,415,808.889717299,404
1,1.0,30000,855.393579126,410,855.337996097,404
1,1.0,30000,734.411658741,440,734.338697394,407
1,1.0,30000,818.938350125,417,818.852240284,405
1,1.0,30000,733.939620057,443,733.836649965,407
1,1.0,30000,804.400647254,422,804.34674646,407
1,1.0,30000,835.440877992,411,835.408834728,408
1,1.0,30000,713.738968451,414,713.713582,409
1,1.0,30000,750.386397348,412,750.356029008,408
1,1.0,30000,802.362658861,411,802.326770347,407
1,1.0,30000,814.950334811,433,814.896081708,408
1,1.0,30000,862.979000241,411,862.97434776,407
1,1.0,30000,734.89672922,428,734.823743781,409
1,1.0,30000,744.398413962,497,744.316316586,408
1,1.0,30000,802.856207314,412,802.829282577,408
1,1.0,30000,814.448562514,441,814.389806497,409
1,1.0,30000,833.423352515,412,833.377631918,408
1,1.0,30000,800.425827712,414,800.389982541,410
1,1.0,30000,819.423369034,413,819.373500655,409
1,1.0,30000,799.937506292,422,799.88375524,410
1,1.0,30000,807.926079075,414,807.90357103,411
1,1.0,30000,805.398137691,421,805.353192395,412
1,1.0,30000,815.434171493,431,815.361812953,413
1,1.0,30000,744.89973825,499,744.700917048,412
1,1.0,30000,880.424717998,418,880.391823357,414
1,1.0,30000,802.847232351,422,802.811333002,415
1,1.0,30000,809.421314874,418,809.407797519,413
1,1.0,30000,815.922675617,419,815.872913876,415
1,1.0,30000,819.400701401,417,819.359900452,415
1,1.0,30000,489.302681165,424,489.27815859,416
1,1.0,30000,745.409879205,484,745.280165798,416
1,1.0,30000,781.456284717,460,781.332325701,415
1,1.0,30000,786.453797486,447,786.356089341,415
1,1.0,30000,816.452053492,420,816.402275611,416
1,1.0,30000,837.415011297,421,837.387513173,415
1,1.0,30000,735.381959838,421,735.347601961,415
1,1.0,30000,776.404092187,458,776.351137707,416
1,1.0,30000,780.947230069,432,780.885269523,417
1,1.0,30000,836.443684756,419,836.411622266,415
1,1.0,30000,713.760124172,455,713.713582,417
1,1.0,30000,775.905509063,455,775.826103529,416
1,1.0,30000,781.943361753,420,781.934504452,416
1,1.0,30000,785.969757503,450,785.880959006,417
1,1.0,30000,809.948579797,422,809.853929862,417
1,1.0,30000,776.907249823,447,776.849863964,418
1,1.0,30000,786.964643403,435,786.889116603,419
1,1.0,30000,798.912068668,421,798.86730472,418
1,1.0,30000,713.430130627,442,713.345529188,418
1,1.0,30000,745.8985677,427,745.833688328,420
1,1.0,30000,802.331256368,424,802.313312362,418
1,1.0,30000,817.443401703,423,817.402649514,419
1,1.0,30000,862.797562793,421,862.751043444,419
1,1.0,30000,714.081729736,445,714.043641085,420
1,1.0,30000,737.926670101,423,737.909461364,419
1,1.0,30000,757.880038916,422,757.866959012,419
1,1.0,30000,801.340150761,424,801.322217842,422
1,1.0,30000,804.867863118,424,804.84090467,420
1,1.0,30000,809.425820685,426,809.398786011,422
1,1.0,30000,804.382680122,425,804.369204905,423
1,1.0,30000,714.424573304,438,714.369543484,422
1,1.0,30000,733.403396662,432,733.36479614,423
1,1.0,30000,740.91973442,454,740.863693449,423
1,1.0,30000,761.398261958,426,761.367671599,422
1,1.0,30000,781.921218595,456,781.81936411,422
1,1.0,30000,807.939584053,426,807.908072614,423
1,1.0,30000,836.924695847,428,836.897205774,424
1,1.0,30000,741.428510935,444,741.363826267,425
1,1.0,30000,741.937462076,445,741.885696356,425
1,1.0,30000,770.871320871,433,770.849335044,423
1,1.0,30000,777.401738854,438,777.344334735,425
1,1.0,30000,822.431874337,436,822.368289346,425
1,1.0,30000,821.914182329,452,821.859697914,425
1,1.0,30000,740.41544198,436,740.363729386,426
1,1.0,30000,742.425011172,433,742.35596794,426
1,1.0,30000,749.397573074,438,749.345547751,427
1,1.0,30000,809.912522027,430,809.89900057,426
1,1.0,30000,783.888753213,431,783.848846205,428
1,1.0,30000,771.399074783,431,771.34189272,428
1,1.0,30000,749.865882253,433,749.84853486,429
1,1.0,30000,757.400516235,434,757.370006291,431
1,1.0,30000,782.404010509,451,782.364141313,431
1,1.0,30000,727.923746198,438,727.86392612,431
1,1.0,30000,760.397839013,440,760.297396197,432
1,1.0,30000,760.878309436,436,760.817150227,431
1,1.0,30000,782.909108253,435,782.87365748,432
1,1.0,30000,777.887550852,435,777.856631022,431
1,1.0,30000,836.439104363,435,836.416202584,431
1,1.0,30000,729.437156492,435,729.385828714,432
1,1.0,30000,807.340971792,436,807.336471788,433
1,1.0,30000,815.936247264,436,815.904580263,432
1,1.0,30000,476.277797072,437,476.263971863,434
1,1.0,30000,700.435459233,439,700.372588218,433
1,1.0,30000,729.907745281,441,729.873515525,435
1,1.0,30000,745.907218496,474,745.820712792,434
1,1.0,30000,746.404723645,439,746.339822263,435
1,1.0,30000,754.430862659,437,754.396062626,433
1,1.0,30000,761.389521793,441,761.337081855,434
1,1.0,30000,771.390277405,443,771.315501714,434
1,1.0,30000,733.420552776,440,733.360507256,434
1,1.0,30000,747.400231518,487,747.352605166,435
1,1.0,30000,747.889571908,439,747.859254133,435
1,1.0,30000,767.897292656,438,767.862183406,435
1,1.0,30000,749.870219132,439,749.84853486,436
1,1.0,30000,771.905008413,440,771.839007664,438
1,1.0,30000,782.909108253,440,782.838207509,438
1,1.0,30000,786.937986472,444,786.902444599,439
1,1.0,30000,742.390489155,446,742.30850258,439
1,1.0,30000,756.389656846,449,756.328678306,438
1,1.0,30000,770.853732184,452,770.787776396,439
1,1.0,30000,777.724124425,442,777.69762446,438
1,1.0,30000,746.898066364,443,746.854784165,440
1,1.0,30000,747.906896626,449,747.850592025,441
1,1.0,30000,746.387416334,463,746.339822263,442
1,1.0,30000,760.882678045,449,760.847729525,441
1,1.0,30000,815.416081557,443,815.402514237,440
1,1.0,30000,771.315501714,446,771.311103256,441
1,1.0,30000,748.392070208,448,748.357409735,443
1,1.0,30000,776.073156313,451,776.03786065,444
1,1.0,30000,660.889003556,452,660.848289681,446
1,1.0,30000,771.891808037,456,771.812608154,445
1,1.0,30000,745.128847755,455,745.08561685,447
1,1.0,30000,746.889409824,451,746.859112329,446
1,1.0,30000,660.37610039,453,660.347611607,448
1,1.0,30000,740.402513662,451,740.363729386,449
1,1.0,30000,822.404623326,451,822.37283105,448
1,1.0,30000,693.42812758,454,693.411445777,449
1,1.0,30000,731.414649158,452,731.380384086,448
1,1.0,30000,747.880909624,456,747.863585206,451
1,1.0,30000,693.941190984,459,693.911987162,452
1,1.0,30000,714.094426179,453,714.056337189,450
1,1.0,30000,741.885696356,455,741.820991747,451
1,1.0,30000,748.396402824,456,748.357409735,453
1,1.0,30000,763.348571712,459,763.322317806,451
1,1.0,30000,771.337494188,455,771.306704812,453
1,1.0,30000,622.064938871,473,622.029388922,453
1,1.0,30000,730.935011188,455,730.86650432,452
1,1.0,30000,744.627446363,457,744.545336357,452
1,1.0,30000,746.876425108,459,746.854784165,454
1,1.0,30000,428.29190778,487,428.229635845,453
1,1.0,30000,764.872070717,457,764.837030695,454
1,1.0,30000,756.389656846,475,756.341744929,454
1,1.0,30000,693.42812758,462,693.407275357,457
1,1.0,30000,721.42207979,463,721.354020194,459
1,1.0,30000,748.400735452,461,748.366074778,459
1,1.0,30000,756.886287883,482,756.842717235,459
1,1.0,30000,730.883630736,462,730.86650432,458
1,1.0,30000,747.893903068,484,747.811613158,459
1,1.0,30000,776.408505142,466,776.373201854,460
1,1.0,30000,429.302000182,474,429.262623659,459
1,1.0,30000,722.379507888,476,722.345455114,460
1,1.0,30000,700.867249748,464,700.833707855,461
1,1.0,30000,722.890395811,473,722.852072952,460
1,1.0,30000,731.406082815,465,731.376101008,461
1,1.0,30000,746.898066364,464,746.850456014,460
1,1.0,30000,757.361289277,465,757.339496962,461
1,1.0,30000,671.882474159,467,671.845528105,462
1,1.0,30000,693.937018972,468,693.907815237,462
1,1.0,30000,724.37725457,465,724.347417176,461
1,1.0,30000,669.884741824,469,669.876543717,462
1,1.0,30000,720.898954171,466,720.881945142,462
1,1.0,30000,669.397041769,480,669.331482197,463
1,1.0,30000,672.412145901,468,672.346438844,466
1,1.0,30000,674.886706826,484,674.80442251,466
1,1.0,30000,748.409400746,475,748.366074778,466
1,1.0,30000,675.878627269,468,675.841571504,465
1,1.0,30000,675.380518072,484,675.327013131,468
1,1.0,30000,721.366781124,475,721.337005797,467
1,1.0,30000,690.882307762,490,690.824029607,468
1,1.0,30000,691.386099967,483,691.331964728,469
1,1.0,30000,671.853738252,472,671.849633172,468
1,1.0,30000,691.881744117,475,691.856749404,469
1,1.0,30000,716.356191114,483,716.318041852,472
1,1.0,30000,716.869185391,479,716.822541961,471
1,1.0,30000,718.910259369,474,718.833825962,470
1,1.0,30000,731.393233394,474,731.367534891,471
1,1.0,30000,748.890403206,476,748.83839549,471
1,1.0,30000,675.866275234,482,675.833337027,472
1,1.0,30000,685.883518401,489,685.825451466,472
1,1.0,30000,724.006462032,485,723.989416382,472
1,1.0,30000,724.701242972,485,724.624502331,472
1,1.0,30000,609.86830856,487,609.829197834,473
1,1.0,30000,610.36903662,487,610.337735096,474
1,1.0,30000,715.385820239,475,715.33075341,472
1,1.0,30000,715.902704526,475,715.826431171,472
1,1.0,30000,717.895724795,475,717.823588538,473
1,1.0,30000,724.372992047,490,724.321842756,472
1,1.0,30000,757.374364817,480,757.34821385,472
1,1.0,30000,643.328986913,483,643.300868249,475
1,1.0,30000,701.391446076,480,701.366280175,474
1,1.0,30000,710.868933823,477,710.835153445,473
1,1.0,30000,717.36115395,479,717.31873622,474
1,1.0,30000,726.364954664,491,726.322271561,474
1,1.0,30000,685.402466556,489,685.319543639,474
1,1.0,30000,695.886713298,493,695.798980946,475
1,1.0,30000,671.878368992,483,671.800373196,475
1,1.0,30000,681.398885828,478,681.341009043,475
1,1.0,30000,686.373037389,483,686.343993255,476
1,1.0,30000,696.396505879,501,696.333816399,476
1,1.0,30000,708.868831532,479,708.826665631,475
1,1.0,30000,643.815135241,480,643.807098239,476
1,1.0,30000,694.876037757,480,694.850989017,478
1,1.0,30000,696.873038144,492,696.83541125,476
1,1.0,30000,656.397707735,483,656.373362408,479
1,1.0,30000,701.865488199,481,701.865488199,477
1,1.0,30000,691.869246704,484,691.831755142,478
1,1.0,30000,697.366462504,485,697.333004486,480
1,1.0,30000,704.364192269,482,704.338973093,479
1,1.0,30000,682.875574379,483,682.846604338,480
1,1.0,30000,697.868429077,485,697.826591632,481
1,1.0,30000,684.863557264,486,684.830400538,483
1,1.0,30000,701.865488199,485,701.831922427,483
1,1.0,30000,758.124217845,496,758.089332733,483
1,1.0,30000,617.869183744,493,617.837690489,484
1,1.0,30000,652.884488977,523,652.80355711,482
1,1.0,30000,671.870158695,488,671.833212979,484
1,1.0,30000,701.374668758,486,701.345308936,483
1,1.0,30000,702.075292456,493,702.016544104,483
1,1.0,30000,758.38588177,485,758.359713346,482
1,1.0,30000,401.297784137,487,401.28509376,483
1,1.0,30000,669.86834566,495,669.786367852,483
1,1.0,30000,701.701862643,491,701.685081614,484
1,1.0,30000,715.839143114,487,715.784058841,484
1,1.0,30000,757.631540038,487,757.587947945,484
1,1.0,30000,657.371891018,489,657.290681487,484
1,1.0,30000,660.367960675,521,660.286566286,484
1,1.0,30000,670.356217342,492,670.278309949,486
1,1.0,30000,689.363716352,496,689.330450868,485
1,1.0,30000,691.381935642,488,691.315308157,484
1,1.0,30000,695.3979892,487,695.36040215,484
1,1.0,30000,702.36907109,493,702.339690461,484
1,1.0,30000,715.381584254,511,715.313810197,485
1,1.0,30000,618.36530837,492,618.310173579,485
1,1.0,30000,618.85769224,491,618.841932921,485
1,1.0,30000,699.392165752,491,699.362847453,487
1,1.0,30000,715.046981057,507,715.000396946,485
1,1.0,30000,651.881288385,526,651.79637537,488
1,1.0,30000,652.378747106,517,652.285711947,488
1,1.0,30000,669.360164115,491,669.335579577,486
1,1.0,30000,698.87709083,492,698.84778333,486
1,1.0,30000,715.703554869,513,715.656949375,488
1,1.0,30000,609.860486315,493,609.844841974,489
1,1.0,30000,653.378282002,522,653.293271542,489
1,1.0,30000,671.365321841,492,671.283252481,489
1,1.0,30000,681.386483453,490,681.345143017,487
1,1.0,30000,690.378699174,492,690.34540921,487
1,1.0,30000,709.864310844,494,709.843212938,488
1,1.0,30000,689.879433987,496,689.846156063,488
1,1.0,30000,696.116514715,494,696.095622109,490
1,1.0,30000,696.626391448,495,696.601311179,489
1,1.0,30000,757.862599069,500,757.849519315,488
1,1.0,30000,615.870954844,496,615.823791715,491
1,1.0,30000,657.863315663,493,657.838943172,489
1,1.0,30000,680.378134854,493,680.35747978,489
1,1.0,30000,653.888460907,514,653.775070611,490
1,1.0,30000,710.37497577,496,710.328544098,491
1,1.0,30000,716.042549563,498,716.012884323,490
1,1.0,30000,641.374197047,527,641.253876037,492
1,1.0,30000,642.389353198,519,642.297033103,491
1,1.0,30000,644.377850038,515,644.313527334,492
1,1.0,30000,644.884503521,512,644.844285653,491
1,1.0,30000,679.329253677,494,679.279720252,493
1,1.0,30000,771.350689823,496,771.306704812,491
1,1.0,30000,641.87164363,525,641.767324337,494
1,1.0,30000,660.852361012,524,660.803505868,492
1,1.0,30000,645.375262491,511,645.282728079,493
1,1.0,30000,661.353230366,509,661.296211277,495
1,1.0,30000,710.873156427,497,710.839375949,493
1,1.0,30000,724.385779652,495,724.321842756,493
1,1.0,30000,642.899240131,511,642.826960389,495
1,1.0,30000,637.821472538,498,637.777475889,495
1,1.0,30000,650.882899634,498,650.830374052,495
1,1.0,30000,655.355320743,499,655.330994755,497
1,1.0,30000,670.360317856,501,670.319313276,497
1,1.0,30000,702.377465668,503,702.339690461,496
1,1.0,30000,709.898068145,501,709.843212938,497
1,1.0,30000,654.37047936,518,654.305659822,497
1,1.0,30000,428.282075068,504,428.262409983,497
1,1.0,30000,633.341630933,526,633.269890489,498
1,1.0,30000,643.405312102,506,643.30890209,498
1,1.0,30000,645.870233041,505,645.825959656,497
1,1.0,30000,665.354760107,502,665.309823854,497
1,1.0,30000,667.885890933,513,667.812219939,497
1,1.0,30000,671.377632677,501,671.336596994,498
1,1.0,30000,654.848622602,502,654.832411497,498
1,1.0,30000,634.853109322,522,634.825176506,500
1,1.0,30000,664.844210233,515,664.819708767,499
1,1.0,30000,669.351969219,513,669.278217409,499
1,1.0,30000,669.851949697,505,669.798664203,499
1,1.0,30000,633.816017205,505,633.780133044,502
1,1.0,30000,634.37035714,534,634.270637842,502
1,1.0,30000,665.861419194,502,665.812379241,500
1,1.0,30000,680.382265907,504,680.35747978,500
1,1.0,30000,637.329596392,511,637.277620568,504
1,1.0,30000,646.365393327,506,646.337208382,504
1,1.0,30000,665.362930497,511,665.326164134,504
1,1.0,30000,668.352568254,514,668.30343665,504
1,1.0,30000,637.857470925,509,637.789474824,505
1,1.0,30000,647.348224035,507,647.336135517,503
1,1.0,30000,649.360518272,509,649.3363038,503
1,1.0,30000,654.030212605,518,653.997810862,504
1,1.0,30000,649.86912646,508,649.820679006,504
1,1.0,30000,661.837991866,508,661.797248771,505
1,1.0,30000,683.364018982,508,683.322618599,504
1,1.0,30000,654.682468289,511,654.650050393,507
1,1.0,30000,654.852675409,509,654.844569807,505
1,1.0,30000,683.148750687,512,683.119774852,506
1,1.0,30000,585.841145609,510,585.829645715,507
1,1.0,30000,618.345617091,514,618.310173579,507
1,1.0,30000,633.812030026,524,633.756210834,508
1,1.0,30000,635.363989173,522,635.316085458,506
1,1.0,30000,665.857332462,515,665.816465835,508
1,1.0,30000,628.301823991,522,628.266096269,508
1,1.0,30000,640.82081386,513,640.792750063,509
1,1.0,30000,649.881238605,513,649.840865226,508
1,1.0,30000,628.821975833,520,628.770348092,510
1,1.0,30000,635.843125647,512,635.827151522,508
1,1.0,30000,655.335049055,512,655.298560807,508
1,1.0,30000,669.860147654,512,669.835553935,508
1,1.0,30000,632.875390683,520,632.791724708,509
1,1.0,30000,655.82571192,517,655.789210014,511
1,1.0,30000,661.345084631,514,661.271775277,511
1,1.0,30000,610.341647743,520,610.294696812,510
1,1.0,30000,612.319136581,529,612.279947347,512
1,1.0,30000,616.358412922,518,616.32302641,512
1,1.0,30000,618.822234055,517,618.810414885,511
1,1.0,30000,715.030041205,516,715.008866672,510
1,1.0,30000,715.368876374,515,715.347696824,512
1,1.0,30000,612.820869546,532,612.785584731,513
1,1.0,30000,617.377193355,518,617.322102634,511
1,1.0,30000,629.318504586,518,629.266856466,513
1,1.0,30000,630.359864657,514,630.31612612,512
1,1.0,30000,630.518926677,515,630.475182621,511
1,1.0,30000,649.368589862,516,649.340339514,512
1,1.0,30000,616.865731223,526,616.83033015,513
1,1.0,30000,665.375186178,516,665.330249235,514
1,1.0,30000,682.92109997,517,682.904545034,513
1,1.0,30000,594.343402262,517,594.304792558,514
1,1.0,30000,636.378374803,547,636.30646257,513
1,1.0,30000,636.881874212,544,636.80593695,515
1,1.0,30000,642.851053185,517,642.826960389,514
1,1.0,30000,655.310723443,517,655.29450662,513
1,1.0,30000,666.360094554,518,666.32330065,513
1,1.0,30000,635.855106373,517,635.831145034,514
1,1.0,30000,754.731046252,520,754.678836121,514
1,1.0,30000,609.84093092,522,609.82528683,516
1,1.0,30000,640.824823024,528,640.784731949,517
1,1.0,30000,648.815801873,520,648.79159756,516
1,1.0,30000,754.035059655,520,754.008966403,517
1,1.0,30000,565.847624597,583,565.772280357,518
1,1.0,30000,566.341253403,551,566.258338872,518
1,1.0,30000,566.83886806,546,566.778539493,519
1,1.0,30000,596.376040569,556,596.279353745,519
1,1.0,30000,617.837690489,533,617.786515663,518
1,1.0,30000,644.369809524,521,644.341668122,519
1,1.0,30000,645.371239118,559,645.282728079,517
1,1.0,30000,547.842153855,527,547.819912599,518
1,1.0,30000,595.892684831,562,595.792171456,520
1,1.0,30000,596.867330684,553,596.836377306,520
1,1.0,30000,613.3071193,522,613.287508724,518
1,1.0,30000,548.33899288,528,548.316741541,520
1,1.0,30000,567.830978988,535,567.766823921,521
1,1.0,30000,617.345712642,523,617.329972587,520
1,1.0,30000,567.3517905,537,567.280118278,521
1,1.0,30000,626.302635969,524,626.274891899,520
1,1.0,30000,632.831564959,525,632.815628708,522
1,1.0,30000,637.357584251,525,637.289614801,522
1,1.0,30000,645.005164649,548,644.968965126,523
1,1.0,30000,595.019275081,581,594.949739013,524
1,1.0,30000,595.67620502,531,595.637552049,524
1,1.0,30000,645.656929784,535,645.640832854,523
1,1.0,30000,655.310723443,527,655.286398283,524
1,1.0,30000,618.325926125,527,618.27079309,525
1,1.0,30000,628.802118759,527,628.762405551,525
1,1.0,30000,639.810904319,525,639.758827413,523
1,1.0,30000,754.061153358,577,753.987222371,523
1,1.0,30000,754.396062626,578,754.339514286,525
1,1.0,30000,577.335448264,527,577.301200284,526
1,1.0,30000,597.370435579,549,597.316244868,524
1,1.0,30000,623.329597247,528,623.282149382,526
1,1.0,30000,595.367016371,576,595.289731749,526
1,1.0,30000,627.345465601,531,627.321665142,525
1,1.0,30000,579.81159949,530,579.800158928,527
1,1.0,30000,754.731046252,579,754.670134608,529
1,1.0,30000,641.338099559,541,641.285960536,529
1,1.0,30000,623.345413604,549,623.294011179,531
1,1.0,30000,624.338291321,545,624.298719328,529
1,1.0,30000,640.816804709,543,640.784731949,529
1,1.0,30000,576.297044815,541,576.232413243,531
1,1.0,30000,623.843731544,549,623.776486552,530
1,1.0,30000,755.053048635,533,755.013882515,530
1,1.0,30000,622.633876218,536,622.614117091,532
1,1.0,30000,646.337208382,536,646.292918995,532
1,1.0,30000,596.039604245,537,595.985473933,533
1,1.0,30000,607.371653515,565,607.254565515,535
1,1.0,30000,646.011112996,549,645.970860012,533
1,1.0,30000,645.701197374,552,645.632784465,536
1,1.0,30000,595.695531975,547,595.649147809,536
1,1.0,30000,755.066104235,561,755.013882515,536
1,1.0,30000,604.350500672,546,604.307674009,538
1,1.0,30000,586.339582776,544,586.316573319,539
1,1.0,30000,567.340473532,566,567.280118278,540
1,1.0,30000,606.868255195,564,606.813635373,541
1,1.0,30000,611.320202861,543,611.288876957,540
1,1.0,30000,596.004805905,544,595.985473933,540
1,1.0,30000,607.875260534,554,607.840118388,542
1,1.0,30000,727.735748516,551,727.688752889,541
1,1.0,30000,578.809072379,549,578.778590852,541
1,1.0,30000,579.834480952,561,579.762024538,542
1,1.0,30000,584.343277369,546,584.32413546,542
1,1.0,30000,591.82482154,545,591.782441019,541
1,1.0,30000,607.648806749,545,607.609767257,542
1,1.0,30000,646.337208382,545,646.309024051,541
1,1.0,30000,558.311836856,548,558.293126178,542
1,1.0,30000,569.311324714,559,569.273536838,544
1,1.0,30000,569.817803241,558,569.749755719,543
1,1.0,30000,591.324057846,545,591.308653093,542
1,1.0,30000,604.868434059,550,604.786640355,542
1,1.0,30000,742.053941547,558,742.019428158,542
1,1.0,30000,575.362141203,569,575.286166139,545
1,1.0,30000,576.338867175,546,576.28183706,544
1,1.0,30000,580.337987335,564,580.273129557,543
1,1.0,30000,581.826896406,558,581.788695422,543
1,1.0,30000,589.350035689,555,589.300054614,543
1,1.0,30000,589.834577468,546,589.799960738,543
1,1.0,30000,742.377543605,551,742.35596794,544
1,1.0,30000,567.842300847,559,567.785692682,546
1,1.0,30000,568.325471962,548,568.272615113,545
1,1.0,30000,582.335088754,560,582.285406036,546
1,1.0,30000,583.325363129,553,583.298587896,544
1,1.0,30000,604.35439408,552,604.28431465,547
1,1.0,30000,575.859901911,563,575.776293473,547
1,1.0,30000,578.287187058,550,578.275761546,546
1,1.0,30000,579.331193087,558,579.274015111,546
1,1.0,30000,587.333254751,550,587.29103536,546
1,1.0,30000,741.734723324,560,741.687277829,547
1,1.0,30000,577.308810859,551,577.285979286,547
1,1.0,30000,580.822627767,556,580.776826317,549
1,1.0,30000,584.810437118,561,584.779797973,547
1,1.0,30000,590.815806958,551,590.773462581,547
1,1.0,30000,595.664608997,552,595.653013087,549
1,1.0,30000,597.804049755,553,597.765327807,547
1,1.0,30000,646.337208382,552,646.300971498,548
1,1.0,30000,554.81466212,551,554.796010135,548
1,1.0,30000,585.833479,552,585.783647267,550
1,1.0,30000,608.363450923,554,608.320482306,548
1,1.0,30000,646.003062299,552,645.974885254,550
1,1.0,30000,727.37691127,554,727.359825989,549
1,1.0,30000,555.288527678,564,555.258671909,549
1,1.0,30000,576.338867175,560,576.323658868,550
1,1.0,30000,585.300772595,558,585.254794916,549
1,1.0,30000,576.859872803,557,576.837050109,551
1,1.0,30000,584.316478784,554,584.285852581,550
1,1.0,30000,521.347254474,554,521.318325553,551
1,1.0,30000,553.316043224,557,553.297416447,551
1,1.0,30000,596.008672337,554,595.989340302,553
1,1.0,30000,554.314897298,556,554.262696055,552
1,1.0,30000,604.334927165,557,604.311567279,554
1,1.0,30000,681.671766639,556,681.667631674,552
1,1.0,30000,755.714674345,556,755.692905733,552
1,1.0,30000,548.810085481,556,548.769274183,554
1,1.0,30000,555.788731118,562,555.751394727,555
1,1.0,30000,565.342913983,585,565.256307193,555
1,1.0,30000,566.363867511,576,566.292257719,555
1,1.0,30000,645.685099893,562,645.644857068,553
1,1.0,30000,727.05659565,557,727.030973447,553
1,1.0,30000,597.800177504,559,597.784688624,556
1,1.0,30000,577.769343934,559,577.750310005,555
1,1.0,30000,581.318925899,561,581.303652027,556
1,1.0,30000,672.707867389,561,672.679113836,556
1,1.0,30000,755.379472477,559,755.349003267,555
1,1.0,30000,537.265974959,561,537.254962142,557
1,1.0,30000,541.775994581,559,541.735445671,557
1,1.0,30000,554.829583935,562,554.799740507,558
1,1.0,30000,749.0637753,561,749.029099276,557
1,1.0,30000,544.322550123,565,544.274516352,558
1,1.0,30000,559.832190322,570,559.779729927,559
1,1.0,30000,564.815844929,565,564.789497928,557
1,1.0,30000,571.830820347,562,571.781587771,558
1,1.0,30000,607.851832324,563,607.820595413,558
1,1.0,30000,560.304444489,566,560.278202923,560
1,1.0,30000,578.824313443,562,578.76335039,559
1,1.0,30000,587.29103536,562,587.27184523,560
1,1.0,30000,600.29650388,571,600.26546171,559
1,1.0,30000,558.311836856,565,558.289384079,560
1,1.0,30000,566.827556209,572,566.752146755,561
1,1.0,30000,546.315969828,587,546.238235913,562
1,1.0,30000,595.691666559,579,595.649147809,562
1,1.0,30000,545.831148625,586,545.768248673,563
1,1.0,30000,584.810437118,588,584.764478701,562
1,1.0,30000,585.323762113,582,585.270120608,563
1,1.0,30000,358.227048173,575,358.2000709,564
1,1.0,30000,547.304783214,576,547.275142854,564
1,1.0,30000,553.811630605,571,553.781814567,565
1,1.0,30000,755.070456126,573,755.000827367,564
1,1.0,30000,546.797302868,582,546.749160026,564
1,1.0,30000,578.302421249,569,578.264336147,565
1,1.0,30000,585.841145609,579,585.791313549,566
1,1.0,30000,749.046437188,571,749.029099276,565
1,1.0,30000,527.309177933,572,527.2582642,570
1,1.0,30000,571.281807794,573,571.247739843,569
1,1.0,30000,711.354615449,597,711.320823534,569
1,1.0,30000,561.527232433,575,561.508467952,571
1,1.0,30000,624.314547975,576,624.29080508,569
1,1.0,30000,528.804954996,574,528.761252649,570
1,1.0,30000,537.357752826,596,537.240278561,570
1,1.0,30000,554.299982406,575,554.258967489,570
1,1.0,30000,578.317655642,575,578.264336147,571
1,1.0,30000,586.301233931,576,586.293564313,571
1,1.0,30000,528.284286165,574,528.258805464,571
1,1.0,30000,552.30320191,585,552.273426506,573
1,1.0,30000,755.039993149,576,755.02258601,575
1,1.0,30000,522.320456667,580,522.258926319,575
1,1.0,30000,536.803533815,584,536.74849456,576
1,1.0,30000,711.675678679,581,711.654553872,576
1,1.0,30000,721.996460461,580,721.962416717,576
1,1.0,30000,490.32266344,585,490.287594882,579
1,1.0,30000,530.798971022,594,530.762483673,579
1,1.0,30000,516.304110819,585,516.26812512,578
1,1.0,30000,537.849815795,594,537.787377424,579
1,1.0,30000,554.299982406,582,554.288796369,578
1,1.0,30000,712.026396275,592,711.984136565,580
1,1.0,30000,490.810246263,585,490.789194518,580
1,1.0,30000,624.318505168,582,624.294762198,579
1,1.0,30000,712.347611053,587,712.318022453,582
1,1.0,30000,711.696803799,607,711.641879138,583
1,1.0,30000,497.312136087,602,497.280350167,584
1,1.0,30000,531.339130409,590,531.269770253,582
1,1.0,30000,565.806184644,592,565.734610119,584
1,1.0,30000,566.039775113,598,565.987024664,582
1,1.0,30000,566.280951324,592,566.262107583,584
1,1.0,30000,642.979555722,586,642.959476354,583
1,1.0,30000,526.781976234,590,526.727453177,584
1,1.0,30000,538.334754714,591,538.30903277,585
1,1.0,30000,619.338447856,590,619.318741089,584
1,1.0,30000,518.598984188,596,518.58816438,585
1,1.0,30000,541.256346227,588,541.234239061,585
1,1.0,30000,497.803180969,599,497.778446296,588
1,1.0,30000,525.779203691,592,525.74652067,587
1,1.0,30000,526.280470545,592,526.251405076,588
1,1.0,30000,518.956101158,600,518.920023156,588
1,1.0,30000,519.273641655,592,519.255596979,588
1,1.0,30000,485.805682809,594,485.760304408,592
1,1.0,30000,498.778923577,598,498.754164674,591
1,1.0,30000,507.80343529,596,507.778453404,593
1,1.0,30000,711.996814346,598,711.992588407,594
1,1.0,30000,479.827120439,613,479.754270385,595
1,1.0,30000,480.326812659,608,480.288632552,595
1,1.0,30000,520.797742236,598,520.786899516,596
1,1.0,30000,565.787348804,598,565.760979154,596
1,1.0,30000,659.342757978,608,659.298025208,596
1,1.0,30000,480.805928397,608,480.764256678,597
1,1.0,30000,492.292018201,599,492.253365464,596
1,1.0,30000,507.839124765,602,507.778453404,599
1,1.0,30000,530.631139604,603,530.623843188,599
1,1.0,30000,711.329271437,603,711.31237568,600
1,1.0,30000,495.791084186,606,495.748768048,600
1,1.0,30000,486.273552921,608,486.263075752,602
1,1.0,30000,491.758042052,613,491.729946071,602
1,1.0,30000,616.673004342,624,616.625810512,601
1,1.0,30000,502.251235273,608,502.222841111,602
1,1.0,30000,582.327445121,605,582.319801538,602
1,1.0,30000,471.293059392,608,471.282744871,603
1,1.0,30000,485.770776158,611,485.746342249,604
1,1.0,30000,534.552899897,609,534.541914921,605
1,1.0,30000,470.798089701,610,470.791216953,606
1,1.0,30000,499.748540568,619,499.698975268,607
1,1.0,30000,500.240786537,615,500.215991377,606
1,1.0,30000,616.987676025,622,616.964072865,606
1,1.0,30000,505.290488201,610,505.2442087,607
1,1.0,30000,545.620263084,611,545.594367669,608
1,1.0,30000,617.329972587,618,617.302427973,609
1,1.0,30000,492.288504253,611,492.2393103,608
1,1.0,30000,501.736715653,613,501.722525746,610
1,1.0,30000,502.247685959,613,502.212193507,611
1,1.0,30000,510.265373673,615,510.243908745,610
1,1.0,30000,509.939870765,616,509.918412685,611
1,1.0,30000,471.313688773,624,471.296497591,612
1,1.0,30000,463.779849541,633,463.752564526,614
1,1.0,30000,464.28817963,641,464.247229985,613
1,1.0,30000,501.23309682,616,501.204731453,613
1,1.0,30000,500.800612181,618,500.726186935,613
1,1.0,30000,471.82268975,618,471.771089303,615
1,1.0,30000,545.616563701,618,545.586969091,615
1,1.0,30000,476.761805773,619,476.754889632,617
1,1.0,30000,473.306547962,654,473.203187732,618
1,1.0,30000,477.26681954,620,477.256439854,616
1,1.0,30000,617.664491939,620,617.644811822,616
1,1.0,30000,463.271797879,621,463.224075791,618
1,1.0,30000,472.800190684,656,472.75886736,619
1,1.0,30000,484.752054938,622,484.727646663,620
1,1.0,30000,484.253550705,625,484.211729845,619
1,1.0,30000,555.616994106,625,555.602061707,619
1,1.0,30000,555.28106366,624,555.273599693,620
1,1.0,30000,585.323762113,624,585.273952063,621
1,1.0,30000,464.766058927,630,464.714845817,623
1,1.0,30000,465.285177622,628,465.240767981,622
1,1.0,30000,473.813176244,649,473.751125567,622
1,1.0,30000,484.511485913,624,484.47662579,621
1,1.0,30000,463.292250955,646,463.254753994,623
1,1.0,30000,534.296613206,654,534.234381426,625
1,1.0,30000,534.970412613,650,534.92645623,624
1,1.0,30000,511.769040587,634,511.700969784,625
1,1.0,30000,534.640783766,653,534.585855501,626
1,1.0,30000,453.735812667,632,453.725692097,627
1,1.0,30000,596.627462995,631,596.615857717,628
1,1.0,30000,535.289150392,639,535.267165429,629
1,1.0,30000,555.28106366,632,555.269867728,628
1,1.0,30000,435.258667566,633,435.215714816,629
1,1.0,30000,474.275236778,636,474.261440665,629
1,1.0,30000,464.759230349,637,464.748987577,633
1,1.0,30000,596.619726131,638,596.615857717,634
1,1.0,30000,463.766206933,639,463.759385704,636
1,1.0,30000,527.26553744,654,527.232808255,637
1,1.0,30000,543.292136879,643,543.233074678,639
1,1.0,30000,494.272361958,663,494.223068979,638
1,1.0,30000,526.923749389,657,526.894666161,640
1,1.0,30000,494.613959396,657,494.554083276,640
1,1.0,30000,527.607436305,654,527.563783471,641
1,1.0,30000,535.629975058,643,535.600652543,640
1,1.0,30000,596.639068386,644,596.604252552,641
1,1.0,30000,493.927362727,652,493.909763955,642
1,1.0,30000,431.253395248,646,431.220506859,645
1,1.0,30000,437.269902236,655,437.240096865,643
1,1.0,30000,428.278797523,650,428.265687466,645
1,1.0,30000,427.787307721,658,427.721797068,646
1,1.0,30000,437.756867089,652,437.730358628,646
1,1.0,30000,596.960195635,651,596.952456614,647
1,1.0,30000,408.749644833,657,408.695213653,651
1,1.0,30000,428.786966761,654,428.731217359,650
1,1.0,30000,494.934534374,653,494.920440984,650
1,1.0,30000,466.632136882,653,466.608189147,650
1,1.0,30000,428.27551999,656,428.268964961,651
1,1.0,30000,534.952097234,655,534.92645623,653
1,1.0,30000,493.937922141,660,493.881606572,655
1,1.0,30000,409.239688552,658,409.23007703,654
1,1.0,30000,471.939661209,659,471.898375509,656
1,1.0,30000,401.266058571,668,401.227989547,656
1,1.0,30000,509.221270839,662,509.199827883,656
1,1.0,30000,279.106487566,676,279.087966745,658
1,1.0,30000,463.261571511,662,463.254753994,659
1,1.0,30000,407.776834358,663,407.764041946,659
1,1.0,30000,509.557269426,664,509.546544355,660
1,1.0,30000,579.270203346,666,579.262579854,662
1,1.0,30000,400.235660382,667,400.213481764,664
1,1.0,30000,280.107524439,669,280.091620969,666
1,1.0,30000,408.746442898,682,408.727231555,665
1,1.0,30000,413.737382302,672,413.724496734,668
1,1.0,30000,414.252969591,673,414.220735979,666
1,1.0,30000,280.110175061,675,280.091620969,672
1,1.0,30000,409.242892418,680,409.233280858,671
1,1.0,30000,510.931010384,681,510.913111249,676
1,1.0,30000,511.256829419,680,511.228181823,678
1,1.0,30000,352.206538322,684,352.18573298,677
1,1.0,30000,369.683853444,703,369.674718238,697
1,1.0,30000,343.214222221,722,343.181948457,713
1,1.0,30000,343.707319193,720,343.683830359,717
